Year,Authors,Title,label_Mathematical_Methods,label_ODEs,label_PDEs,label_Agent_Based_Models,label_Hybrid_Multiscale,label_ML_AI,label_Data_Technologies,label_MR_CT,label_DTI,label_Biopsies_Histopathology,label_Liquid_Biopsies,label_Omics,label_PET,label_Multiphoton_Imaging,label_Photoacoustics,label_in_vitro_mouse,label_Hallmarks,label_group_proliferation,label_cell-cycle,label_growth_rate,label_proliferation,label_group_invasion,label_chemotaxis-haptotaxis,label_invasion,label_migration,label_group_vasomodulation,label_angiogenesis,label_vasculature,label_BBB,label_group_evolution,label_carcinogenesis,label_clonal_evolution,label_stem_cells,label_tumorigenesis,label_group_epigenetics,label_epigenomics_epigenetics,label_group_metabolism,label_glycolysis,label_metabolism,label_group_microenvironment,label_brain_microenvironment,label_tumor_microenvironment,label_group_phenotypic_plasticity,label_phenotypic_plasticity,label_group_immune,label_immune,label_group_biomechanics,label_biomechanical,label_mechanobiology,Type,URL_or_DOI,2000-2004,2005-2009,2010-2013,2014-2017,2018-2021,2022-2025,UMAP1,UMAP2,UMAP3,Kmeans_Cluster,GMM_Cluster
2000,"KR Swanson, EC Alvord Jr, JD Murray",A quantitative model for differential motility of gliomas in gray and white matter,1,0,1,0,0,0,1,1,0,0,0,0,0,0,0,0,1,1,0,1,1,1,0,1,1,0,0,0,0,0,0,0,0,0,0,0,0,0,0,1,1,0,0,0,0,0,0,0,0,ARTICLE,https://doi.org/10.1046/j.1365-2184.2000.00177.x,1,0,0,0,0,0,33.57966,10.470898,6.4250073,1,1
2001,"JA Sherratt, MAJ Chaplain",A new mathematical model for avascular tumour growth,1,0,1,0,0,0,0,0,0,0,0,0,0,0,0,0,1,1,0,1,1,1,0,1,0,0,0,0,0,0,0,0,0,0,0,0,0,0,0,1,0,1,0,0,0,0,0,0,0,ARTICLE,https://doi.org/10.1007/s002850100088,1,0,0,0,0,0,33.588657,9.439923,7.2136984,1,1
2002,"KR Swanson, EC Alvord Jr, JD Murray",Quantifying efficacy of chemotherapy of brain tumors (gliomas) with homogeneous and heterogeneous drug delivery,1,0,1,0,0,0,1,1,0,0,0,0,0,0,0,0,1,1,0,1,1,1,0,1,1,0,0,0,0,0,0,0,0,0,0,0,0,0,0,1,1,0,0,0,0,0,0,0,0,ARTICLE,https://doi.org/10.1023/a:1022644031905,1,0,0,0,0,0,33.638367,10.535284,6.4101863,1,1
2002,"KR Swanson, EC Alvord Jr, JD Murray",Virtual brain tumors (gliomas) enhance the reality of medical imaging and highlights inadequacies of current therapy,1,0,1,0,0,0,1,1,0,0,0,0,0,0,0,0,1,1,0,1,1,1,0,1,1,0,0,0,0,0,0,0,0,0,0,0,0,0,0,1,1,0,0,0,0,0,0,0,0,ARTICLE,https://doi.org/10.1038/sj.bjc.6600021,1,0,0,0,0,0,33.61439,10.523398,6.4120555,1,1
2003,"A Bru, S Albertos, JL Subiza, JL Garcia-Asenjo, I Bru",The universal dynamics of tumour growth,1,0,1,0,0,0,0,0,0,0,0,0,0,0,0,0,1,1,0,1,1,1,0,1,0,0,0,0,0,0,0,0,0,0,0,0,0,0,0,0,0,0,0,0,0,0,0,0,0,ARTICLE,https://doi.org/10.1016/s0006-3495(03)74715-8,1,0,0,0,0,0,33.521667,9.350523,7.290101,1,1
2003,"KR Swanson, EC Alvord Jr, JD Murray",Virtual resection of gliomas: Effects of location and extent of resection on recurrence,1,0,1,0,0,0,1,1,0,0,0,0,0,0,0,0,1,1,0,1,1,1,0,1,0,0,0,0,0,0,0,0,0,0,0,0,0,0,0,1,1,0,0,0,0,0,0,0,0,ARTICLE,https://doi.org/10.1016/S0895-7177(03)00129-8,1,0,0,0,0,0,33.65328,10.571773,6.415923,1,1
2004,"K R Swanson, E C Alvord Jr and J D Murray",Dynamics of a model for brain tumors reveals a small window for therapeutic intervention,1,0,1,0,0,0,1,1,0,0,0,0,0,0,0,0,1,1,0,1,1,1,0,1,0,0,0,0,0,0,0,0,0,0,0,0,0,0,0,1,1,0,0,0,0,0,0,0,0,ARTICLE,https://doi.org/10.3934/dcdsb.2004.4.289,1,0,0,0,0,0,33.660954,10.582483,6.4086146,1,1
2006,"K Mayawala, DG Vlachos, JS Edwards",Spatial modeling of dimerization reaction dynamics in the plasma membrane: Monte Carlo vs. continuum differential equations,1,1,1,0,0,0,0,0,0,0,0,0,0,0,0,0,1,0,0,0,0,1,0,0,1,0,0,0,0,0,0,0,0,0,0,0,0,0,0,0,0,0,0,0,0,0,0,0,0,ARTICLE,https://doi.org/10.1016/j.bpc.2006.01.008,0,1,0,0,0,0,33.14211,8.587462,7.930879,1,1
2007,"C Hogea, G Biros, F Abraham",A robust framework for soft tissue simulations with application to modeling brain tumor mass effect in 3D MR images,1,0,1,0,0,0,1,1,0,0,0,0,0,0,0,0,1,0,0,0,0,0,0,0,0,0,0,0,0,0,0,0,0,0,0,0,0,0,0,0,0,0,0,0,0,0,1,1,0,ARTICLE,https://doi.org/10.1088/0031-9155/52/23/008,0,1,0,0,0,0,33.921253,8.576363,7.3890343,1,1
2007,"G Powathil, M Kohandel",Mathematical modeling of brain tumors: effects of radiotherapy and chemotherapy,1,0,1,0,0,0,1,1,0,0,0,0,0,0,0,0,1,1,1,1,1,1,0,1,1,0,0,0,0,0,0,0,0,0,0,0,0,0,0,0,0,0,0,0,0,0,0,0,0,ARTICLE,https://doi.org/10.1088/0031-9155/52/11/023,0,1,0,0,0,0,33.423725,10.305773,6.5561104,1,1
2007,"NF Kirkby, SJ Jefferies, R Jena, NG Burnet",A mathematical model of the treatment and survival of patients with high-grade brain tumours,1,1,0,0,1,0,1,1,0,0,0,0,0,0,0,0,1,1,1,1,0,1,0,1,1,1,1,0,0,0,0,0,0,0,0,0,0,0,0,0,0,0,0,0,0,0,0,0,0,ARTICLE,https://doi.org/10.1016/j.jtbi.2006.09.007,0,1,0,0,0,0,33.241848,10.47981,6.6258645,1,1
2008,"C Hogea, C Davatzikos, G Biros",An image-driven parameter estimation problem for a reactiondiffusion glioma growth model with mass effects,1,0,1,0,1,0,1,1,1,1,0,0,0,0,0,0,1,1,0,1,1,1,0,1,0,0,0,0,0,0,0,0,0,0,0,0,0,0,0,0,0,0,0,0,0,0,1,1,0,ARTICLE,https://doi.org/10.1007/s00285-007-0139-x,0,1,0,0,0,0,34.47499,8.784571,5.870992,1,3
2008,"Swanson K.R., Rostomily R.C., Alvord E.C.",A mathematical modelling tool for predicting survival of individual patients following resection of glioblastoma: A proof of principle.,1,0,1,0,1,0,1,1,0,0,0,0,0,0,0,0,1,1,0,1,1,1,0,1,1,0,0,0,0,0,0,0,0,0,0,0,0,0,0,0,0,0,0,0,0,0,0,0,0,ARTICLE,https://doi.org/10.1038/sj.bjc.6604125,0,1,0,0,0,0,33.44362,10.418909,6.5050945,1,1
2009,"CH Wang, JK Rockhill, M Mrugala, DL Peacock et al.",Prognostic Significance of Growth Kinetics in Newly Diagnosed Glioblastomas Revealed by Combining Serial Imaging with a Novel Biomathematical Model,1,0,1,0,1,0,1,1,0,0,0,0,0,0,0,0,1,1,0,1,1,1,0,1,1,0,0,0,0,0,0,0,0,0,0,0,0,0,0,0,0,0,0,0,0,0,0,0,0,ARTICLE,https://doi.org/10.1158/0008-5472.can-08-3863,0,1,0,0,0,0,33.4417,10.417652,6.5327086,1,1
2009,GG Powathil,Modeling of Brain Tumors: Effects of Microenvironment and Associated Therapeutic Strategies,1,0,1,0,0,0,1,1,0,1,0,0,1,0,0,0,1,1,1,1,1,1,0,1,1,1,1,1,1,1,1,0,0,1,0,0,1,1,0,1,0,1,0,0,0,0,0,0,0,ARTICLE,http://hdl.handle.net/10012/4738,0,1,0,0,0,0,33.705376,9.76018,5.9731417,1,3
2009,"LL Chen, S Ulmer, TS Deisboeck",An agent-based model identifies MRI regions of probable tumor invasion in a patient with glioblastoma,1,0,0,1,0,0,1,1,1,0,0,0,1,0,0,0,1,1,0,0,1,1,1,1,1,0,0,0,0,0,0,0,0,0,0,0,0,0,0,0,0,0,0,0,0,0,1,1,0,ARTICLE,https://doi.org/10.1088/0031-9155/55/2/001,0,1,0,0,0,0,34.18798,8.737121,5.559367,1,3
2009,"R Rockne, EC Alvord, JK Rockhill",A mathematical model for brain tumor response to radiation therapy,1,0,1,0,0,0,1,1,0,1,0,0,0,0,0,0,1,1,1,1,1,1,0,1,1,1,0,0,0,0,0,0,0,0,0,0,0,0,0,0,0,0,0,0,0,0,0,0,0,ARTICLE,https://doi.org/10.1007/s00285-008-0219-6,0,1,0,0,0,0,33.59543,10.197182,6.53942,1,1
2009,"SP Chakrabarty, FB Hanson",Distributed parameters deterministic model for treatment of brain tumors using Galerkin finite element method,1,0,1,0,0,0,1,1,0,0,0,0,0,0,0,0,1,1,0,1,0,0,0,0,0,1,0,0,1,0,0,0,0,0,0,0,0,0,0,0,0,0,0,0,0,0,0,0,0,ARTICLE,https://doi.org/10.1016/j.mbs.2009.03.005,0,1,0,0,0,0,33.81712,8.998113,7.7003717,1,1
2009,"Z Jackiewicz, Y Kuang, C Thalhauser",Numerical solution of a model for brain cancer progression after therapy,1,0,1,0,0,0,0,0,0,0,0,0,0,0,0,0,1,1,0,0,1,1,0,1,1,0,0,0,0,0,0,0,0,0,0,0,0,0,0,0,0,0,0,0,0,0,0,0,0,ARTICLE,https://doi.org/10.3846/1392-6292.2009.14.43-56,0,1,0,0,0,0,33.47768,9.436787,6.6348867,1,3
2010,"A Chauviere, L Preziosi, H Byrne",A model of cell migration within the extracellular matrix based on a phenotypic switching mechanism,1,0,1,0,0,0,0,0,0,0,0,0,0,0,0,0,1,1,0,0,1,1,0,1,1,0,0,0,0,0,0,0,0,0,0,0,0,0,0,1,0,1,1,1,0,0,0,0,0,ARTICLE,https://doi.org/10.1093/imammb/dqp021,0,0,1,0,0,0,33.299995,9.553658,6.6286144,1,3
2010,"L Rast, JG Harrison",Computational modeling of electromagnetically induced heating of magnetic nanoparticle materials for hyperthermic cancer treatment,1,0,1,0,0,0,0,0,0,0,0,0,0,0,0,0,1,1,1,0,1,0,0,0,0,1,0,0,1,0,0,0,0,0,0,0,0,0,0,0,0,0,0,0,0,0,0,0,0,ARTICLE,https://briefs.techconnect.org/wp-content/volumes/Nanotech2010v3/pdf/1433.pdf,0,0,1,0,0,0,33.60537,8.83452,7.539665,1,1
2010,"R Rockne, JK Rockhill, M Mrugala, AM Spence, I Kalet, et al.",Predicting the efficacy of radiotherapy in individual glioblastoma patients in vivo: a mathematical modeling approach,1,0,1,0,0,0,1,1,0,0,0,0,0,0,0,0,1,1,1,1,1,1,0,0,1,0,0,0,0,0,0,0,0,0,0,0,0,0,0,0,0,0,0,0,0,0,0,0,0,ARTICLE,https://doi.org/10.1088/0031-9155/55/12/001,0,0,1,0,0,0,33.741566,10.09586,6.690476,1,1
2010,"S Becker, A Mang, A Toma, TM Buzug",In-silico oncology: an approximate model of brain tumor mass effect based on directly manipulated free form deformation,1,0,1,0,0,0,1,1,1,0,0,0,0,0,0,0,1,1,0,1,1,1,0,1,1,0,0,0,0,1,0,0,0,1,0,0,0,0,0,0,0,0,0,0,0,0,0,0,0,ARTICLE,https://doi.org/10.1007/s11548-010-0531-7,0,0,1,0,0,0,33.594456,10.388092,6.4881787,1,1
2010,"A Gooya, G Biros, C Davatzikos",Deformable registration of glioma images using EM algorithm and diffusion reaction modeling,1,0,1,0,0,1,1,1,1,0,0,0,0,0,0,0,1,1,0,0,1,1,0,1,0,0,0,0,0,0,0,0,0,0,0,0,0,0,0,0,0,0,0,0,0,0,1,1,0,ARTICLE,https://doi.org/10.1109/tmi.2010.2078833,0,0,1,0,0,0,34.374897,8.71956,5.9217553,1,3
2011,"S Fedotov, A Iomin, L Ryashko",Non-Markovian models for migration-proliferation dichotomy of cancer cells: Anomalous switching and spreading rate,1,0,1,0,0,0,0,0,0,0,0,0,0,0,0,0,1,1,0,1,1,1,0,1,1,0,0,0,0,0,0,0,0,0,0,0,0,0,0,0,0,0,1,1,0,0,0,0,0,ARTICLE,https://doi.org/10.1103/physreve.84.061131,0,0,1,0,0,0,33.044468,10.121698,6.7120867,1,1
2011,"A Roniotis, GC Manikis, V Sakkalis",High-grade glioma diffusive modeling using statistical tissue information and diffusion tensors extracted from atlases,1,0,0,0,0,1,1,1,1,0,0,0,0,0,0,0,1,1,0,0,1,1,0,1,1,0,0,0,0,0,0,0,0,0,0,0,0,0,0,0,0,0,0,0,0,0,1,1,0,ARTICLE,https://doi.org/10.1109/titb.2011.2171190,0,0,1,0,0,0,34.253708,8.719499,5.693421,1,3
2011,"BH Menze, E Stretton, E Konukoglu, N Ayache",Image-based modeling of tumor growth in patients with glioma.,1,0,1,0,0,1,1,1,1,0,0,0,1,0,0,0,1,1,0,1,1,1,0,1,1,1,0,0,1,0,0,0,0,0,0,0,0,0,0,0,0,0,0,0,0,0,1,1,0,ARTICLE,https://inria.hal.science/hal-00825866/document,0,0,1,0,0,0,34.23857,9.103402,5.745203,1,3
2012,"A Mang, A Toma, TA Schuetz, S Becker",A generic framework for modeling brain deformation as a constrained parametric optimization problem to aid non-diffeomorphic image registration in brain tumor,1,0,1,0,0,0,1,1,0,0,0,0,0,0,0,0,1,1,0,0,1,1,0,0,1,0,0,0,0,0,0,0,0,0,0,0,0,0,0,0,0,0,0,0,0,0,0,0,0,ARTICLE,https://doi.org/10.3414/me11-02-0036,0,0,1,0,0,0,33.877705,9.541547,6.6845193,1,1
2012,"A Mang, A Toma, TA Schuetz, S Becker",Biophysical modeling of brain tumor progression: From unconditionally stable explicit time integration to an inverse problem with parabolic PDE constraints for model,1,0,1,0,0,0,1,0,1,0,0,0,0,0,0,0,1,1,0,1,1,1,0,1,1,1,1,0,0,0,0,0,0,0,0,0,1,0,1,0,0,0,0,0,0,0,0,0,0,ARTICLE,https://doi.org/10.1118/1.4722749,0,0,1,0,0,0,33.600132,9.146514,5.669893,1,3
2012,"C Gerin, J Pallud, B Grammaticos, E Mandonnet, C Deroulers, P Varlet, et al.",Improving the time-machine: estimating date of birth of grade II gliomas,1,0,1,0,0,0,1,1,0,0,0,0,0,0,0,0,1,1,0,1,1,1,0,1,1,0,0,0,0,1,0,0,0,1,0,0,0,0,0,0,0,0,0,0,0,0,0,0,0,ARTICLE,https://doi.org/10.1111/j.1365-2184.2011.00790.x,0,0,1,0,0,0,33.504158,10.346958,6.5747614,1,1
2012,"C Suarez, F Maglietti, M Colonna, K Breitburd",Mathematical modeling of human glioma growth based on brain topological structures: study of two clinical cases,1,0,1,0,0,0,1,1,0,1,0,0,1,0,0,0,1,1,0,0,1,1,0,1,1,1,1,0,0,1,0,0,1,1,0,0,0,0,0,0,0,0,0,0,0,0,0,0,0,ARTICLE,https://doi.org/10.1371/journal.pone.0039616,0,0,1,0,0,0,33.837097,9.485371,6.263259,1,3
2012,Gu et al.,Applying a patient-specific bio-mathematical model of glioma growth to develop virtual [18F]-FMISO-PET images,1,0,1,0,0,0,1,1,0,0,0,0,1,0,0,0,1,1,0,1,1,1,0,0,1,0,0,0,0,0,0,0,0,0,0,0,0,0,0,0,0,0,0,0,0,0,0,0,0,ARTICLE,https://doi.org/10.1093/imammb/dqr002,0,0,1,0,0,0,33.93744,9.922729,6.5943165,1,1
2012,"JCL Alfonso, G Buttazzo, B García-Archilla, MA Herrero, L Núñez",A class of optimization problems in radiotherapy dosimetry planning,1,1,0,0,0,0,1,1,0,0,0,0,0,0,0,0,1,1,0,1,1,1,0,1,1,0,0,0,0,0,0,0,0,0,0,0,0,0,0,0,0,0,1,1,0,0,0,0,0,ARTICLE,http://dx.doi.org/10.3934/dcdsb.2012.17.1651,0,0,1,0,0,0,33.22003,10.533481,6.635758,1,1
2012,"KR Swanson, RC Rockne, J Claridge, MA Chaplain, EC Alvord Jr, AR Anderson",Quantifying the role of angiogenesis in malignant progression of gliomas: In silico modeling integrates imaging and histology,1,0,1,0,0,0,1,1,0,0,0,0,0,0,0,0,1,1,0,1,0,1,0,0,1,0,1,0,0,0,0,0,0,0,0,0,0,0,0,0,0,1,0,0,0,0,0,0,0,ARTICLE,https://doi.org/10.1158/0008-5472.CAN-11-1399,0,0,1,0,0,0,33.839294,9.800712,6.6719427,1,1
2012,"MJ Tindall, L Dyson, K Smallbone, PK Maini",Modelling acidosis and the cell cycle in multicellular tumour spheroids,1,0,1,0,0,0,0,0,0,0,0,0,0,0,0,1,1,1,0,0,1,0,0,0,0,0,0,0,0,0,0,0,0,0,0,0,0,0,0,0,0,0,0,0,0,0,0,0,0,ARTICLE,https://doi.org/10.1016/j.jtbi.2011.11.009,0,0,1,0,0,0,33.493908,8.826709,7.47636,1,1
2012,"P Gerlee, S Nelander",The impact of phenotypic switching on glioblastoma growth and invasion,1,0,1,0,0,0,1,1,0,0,0,0,0,0,0,0,1,1,0,1,1,1,0,1,1,0,0,0,0,0,0,0,0,0,0,0,0,0,0,0,0,0,1,1,0,0,0,0,0,ARTICLE,https://doi.org/10.1371/journal.pcbi.1002556,0,0,1,0,0,0,33.386387,10.391469,6.5314054,1,1
2012,"S Benzekry, N Andr, A Benabdallah",Modeling the impact of anticancer agents on metastatic spreading,1,0,1,0,0,0,0,0,0,0,0,0,0,0,0,0,1,1,0,1,1,0,0,0,0,1,0,1,0,0,0,0,0,0,0,0,0,0,0,0,0,0,0,0,0,0,0,0,0,ARTICLE,https://doi.org/10.1051/mmnp/20127114,0,0,1,0,0,0,33.32483,8.786037,7.587027,1,1
2012,"T Colin, A Iollo, D Lombardi, O Saut",System identification in tumor growth modeling using semi-empirical eigenfunctions,1,0,1,0,0,0,0,0,0,0,0,0,0,0,0,0,1,1,0,1,1,0,0,0,0,0,0,0,0,0,0,0,0,0,0,0,1,0,1,0,0,0,0,0,0,0,0,0,0,ARTICLE,https://hal.science/hal-04485448/file/Math.%20Mod.%20Meth.%20Appl.%20Sci.%202012%20COLIN.pdf,0,0,1,0,0,0,33.48375,8.856899,7.5658875,1,1
2013,"A Hawkins-Daarud, S Prudhomme, KG van der Zee, J Tinsley Oden","Bayesian calibration, validation, and uncertainty quantification of diffuse interface modes of tumor growth",1,1,1,0,0,0,0,0,0,0,0,0,0,0,0,0,1,1,0,1,1,0,0,0,0,0,0,0,0,0,0,0,0,0,0,0,0,0,0,0,0,0,0,0,0,0,1,1,0,ARTICLE,https://doi.org/10.1007/s00285-012-0595-9,0,0,1,0,0,0,33.290565,8.7868805,7.817676,1,1
2013,"C Engwer, T Hillen, MP Knappitsch, C Surulescu",A multiscale model for glioma growth: Formal diffusion limit and application to diffusion tensor imaging data,1,0,1,0,1,0,1,1,1,1,0,1,0,0,0,0,1,1,0,0,1,1,1,1,1,0,0,0,0,0,0,0,0,0,0,0,0,0,0,0,0,0,0,0,1,1,1,1,0,ARTICLE,https://doi.org/10.3934/mbe.2015011,0,0,1,0,0,0,33.980106,8.703062,5.587537,1,3
2013,"D Yang, JP Tian, J Wang",A solvable hyperbolic free boundary problem modelling tumour regrowth,1,0,1,0,0,0,1,0,0,0,0,1,0,0,0,0,1,1,0,0,1,0,0,0,0,0,0,0,0,0,0,0,0,0,0,0,0,0,0,0,0,0,0,0,0,0,0,0,0,ARTICLE,https://doi.org/10.1080/00036811.2012.692366,0,0,1,0,0,0,33.62507,8.69959,7.487866,1,1
2013,"J Belmonte-Beitia, TE Woolley, JG Scott",Modelling biological invasions: Individual to population scales at interfaces,1,0,1,0,1,0,1,0,0,0,0,1,0,0,0,0,1,1,0,0,1,1,0,1,0,0,0,0,0,0,0,0,0,0,0,0,0,0,0,0,0,0,0,0,0,0,0,0,0,ARTICLE,https://doi.org/10.1016/j.jtbi.2013.05.033,0,0,1,0,0,0,33.72431,8.9380245,7.116726,1,1
2013,"J Yuan, L Liu, Q Hu",Mathematical modeling of brain glioma growth using modified reactiondiffusion equation on brain MR images,1,0,1,0,0,0,1,0,1,0,0,0,0,0,0,0,1,1,0,1,1,1,0,1,1,0,0,0,0,0,0,0,0,0,0,0,0,0,0,0,0,0,0,0,0,0,1,1,0,ARTICLE,https://doi.org/10.1016/j.compbiomed.2013.09.023,0,0,1,0,0,0,34.2075,8.841242,5.930642,1,3
2013,"KJ Painter, T Hillen",Mathematical modelling of glioma growth: the use of diffusion tensor imaging (DTI) data to predict the anisotropic pathways of cancer invasion,1,0,1,0,1,0,1,1,1,0,0,0,0,0,0,0,1,1,0,0,1,1,0,1,1,1,0,1,0,0,0,0,0,0,0,0,0,0,0,0,0,0,0,0,1,1,1,1,0,ARTICLE,https://doi.org/10.1016/j.jtbi.2013.01.014,0,0,1,0,0,0,34.077007,8.711412,5.607567,1,3
2013,"M Papadogiorgaki, P Koliou, X Kotsiakis, M.E Zervakis",Mathematical modelling of spatio-temporal glioma evolution,1,0,1,0,0,0,1,1,1,1,0,0,1,0,0,0,1,1,0,1,0,1,0,1,1,1,1,1,0,1,0,1,0,0,0,0,1,1,1,0,0,0,0,0,1,1,1,1,0,ARTICLE,https://doi.org/10.1186/1742-4682-10-47,0,0,1,0,0,0,33.812035,9.049499,5.6183214,1,3
2013,"M Welter, H Rieger",Interstitial fluid flow and drug delivery in vascularized tumors: a computational model,1,0,1,0,0,0,0,0,0,0,0,0,0,0,0,0,1,1,0,0,1,0,0,0,0,1,1,1,0,0,0,0,0,0,0,0,0,0,0,1,0,1,0,0,0,0,1,0,1,ARTICLE,https://doi.org/10.1371/journal.pone.0070395,0,0,1,0,0,0,33.15959,8.208797,6.997299,1,4
2013,"M Lewis Neal, AD Trister, S Ahn, A Baldock, CA Bridge, L Guyman, et al.",Response classification based on a minimal model of glioblastoma growth is prognostic for clinical outcomes and distinguishes progression from pseudoprogression,1,0,1,0,0,0,1,1,0,0,0,0,0,0,0,0,1,1,1,1,1,0,0,0,0,0,0,0,0,0,0,0,0,0,0,0,0,0,0,0,0,0,0,0,0,0,0,0,0,ARTICLE,https://doi.org/10.1158/0008-5472.can-12-3588,0,0,1,0,0,0,33.649284,9.374246,7.6334567,1,1
2013,"M Lewis Neal, AD Trister, T Cloke, R Sodt, S Ahn, AL Baldock, et al.","Discriminating survival outcomes in patients with glioblastoma using a simulation-based, patient-specific response metric",1,0,1,0,0,0,1,1,0,0,0,0,0,0,0,0,1,1,0,0,1,1,0,1,0,0,0,0,0,0,0,0,0,0,0,0,0,0,0,0,0,0,0,0,0,0,0,0,0,ARTICLE,https://doi.org/10.1371/journal.pone.0051951,0,0,1,0,0,0,33.98869,9.140015,6.831802,1,1
2013,"N Andre, D Barbolosi, F Billy, G Chapuisat",Mathematical model of cancer growth controled by metronomic chemotherapies,1,0,1,0,0,0,0,0,0,0,0,0,0,0,0,0,1,1,0,0,1,0,0,0,0,1,1,1,0,1,0,0,0,1,0,0,1,0,1,0,0,0,0,0,0,0,0,0,0,ARTICLE,https://hal.science/hal-00751645v1,0,0,1,0,0,0,33.22138,8.39399,7.378495,1,4
2013,Y Kim,Regulation of cell proliferation and migration in glioblastoma: new therapeutic approach,1,1,1,0,1,0,0,0,0,0,0,0,0,0,0,0,1,1,0,1,1,1,0,1,1,0,0,0,0,0,0,0,0,0,0,0,0,0,0,0,0,0,0,0,0,0,0,0,0,ARTICLE,https://doi.org/10.3389/fonc.2013.00053,0,0,1,0,0,0,33.086002,10.402808,6.631208,1,1
2014,"AG Johnpillai, FM Mahomed",Fundamental solution via invariant approach for a brain tumor model and its extensions,1,0,1,0,0,0,0,0,0,0,0,0,0,0,0,0,1,1,0,0,1,0,0,0,0,0,0,0,0,0,0,0,0,0,0,0,0,0,0,0,0,0,0,0,0,0,1,1,0,ARTICLE,https://doi.org/10.5560/zna.2014-0064,0,0,0,1,0,0,33.69653,8.635748,7.281,1,1
2014,"F Milde, G Tauriello, H Haberkern","SEM++: A particle model of cellular growth, signaling and migration",1,0,1,0,1,0,1,0,0,0,0,0,0,1,0,0,1,1,0,0,1,1,0,0,1,0,0,0,0,0,0,0,0,0,0,0,0,0,0,0,0,0,0,0,0,0,1,1,0,ARTICLE,https://doi.org/10.1007/s40571-014-0017-4,0,0,0,1,0,0,33.509438,8.934195,6.725599,1,3
2014,"M Badoual, C Gerin, C Deroulers, B Grammaticos, et al.",Oedema-based model for diffuse low-grade gliomas: application to clinical cases under radiotherapy,1,0,1,0,0,0,1,1,0,1,0,0,0,0,0,0,1,1,0,1,1,0,0,0,1,0,0,0,0,1,0,1,0,0,0,0,0,0,0,0,0,0,0,0,0,0,0,0,0,ARTICLE,https://doi.org/10.1111/cpr.12114,0,0,0,1,0,0,33.87119,9.920456,6.621803,1,1
2014,Saut et al.,A Multilayer Grow-or-Go Model for GBM: Effects of Invasive Cells and Anti-Angiogenesis on Growth,1,0,1,0,0,0,1,1,0,0,0,0,1,0,0,0,1,1,0,1,1,0,0,1,0,1,1,0,0,0,0,0,0,0,0,0,0,0,0,0,0,0,0,0,0,0,0,0,0,ARTICLE,https://doi.org/10.1007/s11538-014-0007-y,0,0,0,1,0,0,34.089146,9.335238,6.323493,1,3
2014,"Unkelbach J, Menze BH, Konukoglu E, Dittmann F, Ayache N, Shih HA",Radiotherapy planning for glioblastoma based on a tumour growth model: implications for spatial dose redistribution,1,0,1,0,0,0,1,1,0,0,0,0,0,0,0,0,1,1,1,0,0,0,0,0,0,0,0,0,0,0,0,0,0,0,0,0,0,0,0,1,1,0,0,0,0,0,0,0,0,ARTICLE,https://doi.org/10.1088/0031-9155/59/3/771,0,0,0,1,0,0,33.843643,8.748466,7.6554236,1,1
2015,"A Caiazzo, I Ramis-Conde",Multiscale modelling of palisade formation in gliobastoma multiforme,1,0,1,0,1,0,1,0,0,0,0,0,0,1,0,0,1,1,0,0,1,1,0,1,0,0,0,0,0,0,0,0,0,0,0,0,0,0,0,1,1,0,0,0,0,0,1,1,0,ARTICLE,https://doi.org/10.1016/j.jtbi.2015.07.021,0,0,0,1,0,0,33.717438,8.874591,6.7506847,1,1
2015,"C Engwer, T Hillen, M Knappitsch, C Surulescu",Glioma follow white matter tracts: a multiscale DTI-based model,1,0,1,0,1,0,1,1,1,1,0,1,0,0,0,0,1,1,0,0,1,1,1,1,1,1,1,0,0,0,0,0,0,0,0,0,0,0,0,0,0,0,0,0,1,1,1,1,0,ARTICLE,https://doi.org/10.1007/s00285-014-0822-7,0,0,0,1,0,0,33.67555,8.735656,5.468404,1,3
2015,E Özuğurlu,A note on the numerical approach for the reactiondiffusion problem to model the density of the tumor growth dynamics,1,0,1,0,0,0,0,0,0,0,0,0,0,0,0,0,1,1,0,1,1,1,0,1,1,0,0,0,0,0,0,0,0,0,0,0,1,0,1,0,0,0,0,0,1,1,0,0,0,ARTICLE,https://doi.org/10.1016/j.camwa.2015.04.018,0,0,0,1,0,0,33.178566,9.799549,6.5524874,1,3
2015,"MC Colombo, C Giverso, E Faggiano, C Boffano",Towards the personalized treatment of glioblastoma: integrating patient-specific clinical data in a continuous mechanical model,1,0,1,0,0,0,1,1,1,0,0,0,1,0,0,0,1,1,0,0,1,1,1,1,1,1,1,1,0,1,1,0,1,0,0,0,0,0,0,1,0,1,0,0,1,1,1,1,0,ARTICLE,https://doi.org/10.1371/journal.pone.0132887,0,0,0,1,0,0,33.409767,8.85315,5.4607844,1,3
2015,"ST Johnston, MJ Simpson, RE Baker",Modelling the movement of interacting cell populations: a moment dynamics approach,1,1,1,1,0,0,0,0,0,0,0,0,0,0,0,0,1,1,0,0,1,1,0,1,0,0,0,0,0,0,0,0,0,0,0,0,0,0,0,0,0,0,0,0,0,0,0,0,0,ARTICLE,https://doi.org/10.1016/j.jtbi.2015.01.025,0,0,0,1,0,0,33.4457,8.931505,7.104409,1,1
2015,"T Galochkina, A Bratus, VM Prez-Garca",Optimal radiation fractionation for low-grade gliomas: Insights from a mathematical model,1,1,1,0,0,0,1,1,0,0,0,0,0,0,0,0,1,1,0,0,1,0,0,0,0,0,0,0,0,1,0,1,0,0,0,0,0,0,0,1,0,1,0,0,0,0,0,0,0,ARTICLE,https://doi.org/10.1016/j.mbs.2015.05.006,0,0,0,1,0,0,33.160492,8.672382,8.005803,1,1
2016,"A Gholami, A Mang, G Biros",An inverse problem formulation for parameter estimation of a reactiondiffusion model of low grade gliomas,1,0,1,0,0,0,1,0,1,0,0,0,0,0,0,0,1,1,0,0,1,1,1,1,1,1,1,0,0,0,0,0,0,0,0,0,0,0,0,0,0,0,0,0,0,0,1,1,0,ARTICLE,https://doi.org/10.1007/s00285-015-0888-x,0,0,0,1,0,0,33.637646,8.676182,5.6491265,1,3
2016,"A Hawkins-Daarud, K Swanson",Precision medicine in the clinic: Personalizing a model of glioblastoma through parameterization,1,0,1,0,0,0,1,0,0,1,0,0,0,0,0,0,1,1,0,0,1,1,0,1,0,0,0,0,0,0,0,0,0,0,0,0,0,0,0,0,0,0,0,0,0,0,0,0,0,ARTICLE,https://doi.org/10.1101/037424,0,0,0,1,0,0,33.742737,8.994113,7.108086,1,1
2016,"D Mantzavinos, MG Papadomanolaki",Fokas transform method for a brain tumor invasion model with heterogeneous diffusion in 1+ 1 dimensions,1,0,1,0,0,0,0,0,0,0,0,0,0,0,0,0,1,1,0,1,1,1,0,1,1,0,0,0,0,0,0,0,0,0,0,0,0,0,0,0,0,0,0,0,0,0,0,0,0,ARTICLE,https://doi.org/10.1016/j.apnum.2014.09.006,0,0,0,1,0,0,33.204826,10.123207,6.6832767,1,1
2016,"F Ziebert, J Lber, IS Aranson",Macroscopic model of substrate-based cell motility,1,0,1,0,0,0,0,0,0,0,0,0,0,0,0,0,1,1,0,0,1,0,0,0,0,0,0,0,0,0,0,0,0,0,0,0,0,0,0,0,0,0,0,0,0,0,0,0,0,ARTICLE,https://doi.org/10.1007/978-3-319-24448-8_1,0,0,0,1,0,0,33.51472,8.798838,7.4614334,1,1
2016,"GG Powathil, AJ Munro, MAJ Chaplain",Bystander effects and their implications for clinical radiation therapy: Insights from multiscale in silico experiments,1,1,1,1,1,0,0,0,0,0,0,0,0,0,0,0,1,0,0,0,0,0,0,0,0,0,0,0,0,1,1,0,0,0,0,0,0,0,0,0,0,0,0,0,0,0,0,0,0,ARTICLE,https://doi.org/10.1016/j.jtbi.2016.04.010,0,0,0,1,0,0,33.08741,8.567264,7.920114,1,1
2016,"Giovanni Borasi, Alan Nahum",Modelling the radiotherapy effect in the reaction-diffusion equation,1,0,1,0,0,0,0,0,0,0,0,0,0,0,0,0,0,0,0,0,0,0,0,0,0,0,0,0,0,0,0,0,0,0,0,0,0,0,0,0,0,0,0,0,0,0,0,0,0,ARTICLE,https://doi.org/10.1016/j.ejmp.2016.08.020,0,0,0,1,0,0,33.666153,8.570438,7.6867414,1,1
2016,"H Garcke, KF Lam, E Sitka, V Styles",A Cahn-Hilliard-Darcy model for tumour growth with chemotaxis and active transport,1,0,1,0,0,0,0,0,0,0,0,0,0,0,0,0,1,1,0,0,1,1,1,0,0,0,0,0,0,0,0,0,0,0,0,0,0,0,0,0,0,0,0,0,0,0,0,0,0,ARTICLE,https://doi.org/10.48550/arXiv.1508.00437,0,0,0,1,0,0,33.38461,8.656928,7.620993,1,1
2016,"M L, H Delingette, J Kalpathy-Cramer",MRI based Bayesian personalization of a tumor growth model,1,0,1,0,0,0,1,0,1,0,0,0,0,0,0,0,1,1,0,0,1,1,0,1,0,1,1,0,0,0,0,0,0,0,0,0,0,0,0,0,0,0,0,0,0,0,1,1,0,ARTICLE,https://doi.org/10.1109/tmi.2016.2561098,0,0,0,1,0,0,33.993813,8.68971,5.9268136,1,3
2016,"P Mascheroni, et al.",Predicting the growth of glioblastoma multiforme spheroids using a multiphase porous media model,1,0,1,0,0,0,1,0,0,0,0,0,0,1,0,1,1,1,0,1,0,0,0,0,0,0,0,0,0,0,0,0,0,0,0,0,0,0,1,1,0,1,0,0,0,0,1,1,0,ARTICLE,https://doi.org/10.1007/s10237-015-0755-0,0,0,0,1,0,0,33.606037,8.377297,7.6640754,1,1
2016,"V Lopez de Rioja, N Isern, J Fort",A mathematical approach to virus therapy of glioblastomas,1,0,1,0,0,0,0,0,0,0,0,0,0,0,0,1,1,1,0,1,1,0,0,0,1,0,0,0,0,0,0,0,0,1,0,0,0,0,0,0,0,0,0,0,0,0,0,0,0,ARTICLE,https://doi.org/10.1186/s13062-015-0100-7,0,0,0,1,0,0,33.18011,9.873608,6.980339,1,1
2017,"A Bratus, I Samokhin, I Yegorov, D Yurchenko",Maximization of viability time in a mathematical model of cancer therapy,1,0,1,0,0,0,0,0,0,0,0,0,0,0,0,0,1,1,1,1,0,1,0,0,0,0,0,0,0,0,0,0,0,0,0,0,0,0,0,0,0,0,0,0,1,1,0,0,0,ARTICLE,https://doi.org/10.1016/j.mbs.2017.10.011,0,0,0,1,0,0,33.57325,8.99186,7.984286,1,1
2017,"A Elazab, H Bai, YM Abdulazeem, T Abdelhamid, et al.",Post-surgery glioma growth modeling from magnetic resonance images for patients with treatment,1,0,1,0,0,0,1,1,1,0,0,0,0,0,0,0,1,1,1,1,1,1,0,1,1,1,0,0,1,0,0,0,0,0,0,0,0,0,0,0,0,0,0,0,0,0,1,1,0,ARTICLE,https://doi.org/10.1038/s41598-017-01189-2,0,0,0,1,0,0,34.358624,8.910593,5.828843,1,3
2017,"A Hussain, MS Muthuvalu, I Faye, et al.",Numerical simulation of brain tumor growth model using two-stage Gauss-Seidel method,1,0,1,0,0,0,0,0,0,0,0,0,0,0,0,0,1,1,0,1,1,0,0,0,0,0,0,0,0,0,0,0,0,0,0,0,0,0,0,0,0,0,0,0,0,0,0,0,0,ARTICLE,https://doi.org/10.1016/j.compbiomed.2022.106429,0,0,0,1,0,0,33.40764,9.038041,7.656714,1,1
2017,"A Timalsina, JP Tian, J Wang",Mathematical and computational modeling for tumor virotherapy with mediated immunity,1,0,1,0,0,0,0,0,0,0,0,0,0,0,0,0,1,1,0,1,1,0,0,0,0,1,1,0,0,0,0,0,0,0,0,0,0,0,0,0,0,0,0,0,1,1,0,0,0,ARTICLE,https://doi.org/10.1007/s11538-017-0304-3,0,0,0,1,0,0,33.459946,9.048275,7.7225657,1,1
2017,"D Ambrosi, P Ciarletta, E Danesi, C Falco",A multiscale modeling approach to transport of nano-constructs in biological tissues,1,0,1,0,1,0,0,0,0,0,0,0,0,0,0,0,1,0,0,0,0,0,0,0,0,1,0,1,0,0,0,0,0,0,0,0,1,0,1,1,0,1,0,0,0,0,1,1,0,ARTICLE,https://doi.org/10.1007/978-3-319-73371-5_6,0,0,0,1,0,0,33.429768,8.208788,7.5173993,1,1
2017,"E Scribner, HM Fathallah-Shaykh",Single cell mathematical model successfully replicates key features of GBM: go-or-grow is not necessary,1,0,1,0,0,0,1,1,0,0,0,1,0,0,0,0,1,1,0,0,1,1,0,1,1,1,1,0,1,0,0,0,0,0,0,0,0,0,0,0,0,0,0,0,0,0,0,0,0,ARTICLE,https://doi.org/10.1371/journal.pone.0169434,0,0,0,1,0,0,33.728527,9.418301,6.5691338,1,3
2017,"EM Rutter, TL Stepien, BJ Anderies, JD Plasencia",Mathematical analysis of glioma growth in a murine model,1,0,1,0,0,0,1,1,1,0,0,0,1,0,0,1,1,1,1,1,1,1,0,1,1,1,1,1,1,1,1,0,0,0,0,0,0,0,0,0,0,0,0,0,1,1,1,1,0,ARTICLE,https://doi.org/10.1038/s41598-017-02462-0,0,0,0,1,0,0,34.155872,9.0756235,5.6835775,1,3
2017,"F Ansarizadeh, M Singh, D Richards",Modelling of tumor cells regression in response to chemotherapeutic treatment,1,0,1,0,0,0,1,0,0,0,0,1,0,0,0,0,1,0,0,0,0,0,0,0,0,0,0,0,0,0,0,0,0,0,0,0,0,0,0,0,0,0,0,0,0,0,1,1,0,ARTICLE,https://doi.org/10.1016/j.apm.2017.03.045,0,0,0,1,0,0,33.75493,8.598639,7.4746737,1,1
2017,"L Pei, SMS Reza, W Li, C Davatzikos",Improved brain tumor segmentation by utilizing tumor growth model in longitudinal brain MRI,1,0,1,0,0,1,0,0,0,0,0,0,0,0,0,0,1,1,0,0,1,1,0,1,0,0,0,0,0,0,0,0,0,0,0,0,0,0,0,0,0,0,0,0,0,0,1,1,0,ARTICLE,https://doi.org/10.1117/12.2254034,0,0,0,1,0,0,34.13732,8.746672,6.3750415,1,3
2017,"MU Bogdaska, M Bodnar, MJ Piotrowska, M Murek",A mathematical model describes the malignant transformation of low grade gliomas: Prognostic implications,1,0,1,0,0,0,1,1,0,1,0,0,0,0,0,0,1,1,0,0,1,0,0,0,0,1,1,1,0,0,0,0,0,0,0,0,0,0,0,1,0,1,0,0,0,0,0,0,0,ARTICLE,https://doi.org/10.1371/journal.pone.0179999,0,0,0,1,0,0,33.21345,8.175361,6.9988008,1,4
2017,"N Meghdadi, H Niroomand-Oscuii, M Soltani",Brain tumor growth simulation: model validation through uncertainty quantification,1,0,1,0,0,0,0,0,0,0,0,0,0,0,0,0,1,1,0,0,1,1,0,1,1,0,0,0,0,0,0,0,0,0,0,0,0,0,0,0,0,0,0,0,0,0,1,1,0,ARTICLE,https://doi.org/10.1007/s13198-017-0577-9,0,0,0,1,0,0,33.804996,8.891875,6.344232,1,3
2017,Patel and Hathout,Image-driven modeling of the proliferation and necrosis of glioblastoma multiforme,1,0,1,0,0,0,1,1,0,0,0,0,0,0,0,0,1,1,0,0,1,1,0,0,1,0,0,0,0,0,0,0,0,0,0,0,0,0,0,0,0,0,0,0,0,0,0,0,0,ARTICLE,https://doi.org/10.1186/s12976-017-0056-7,0,0,0,1,0,0,33.850384,9.558353,6.732194,1,1
2017,"RC Rockne, P Frankel",Mathematical modeling in radiation oncology: Translating mathematical models into the clinic,1,1,0,0,1,0,1,1,1,0,0,0,1,0,0,0,1,1,0,1,1,1,0,1,1,0,0,0,0,1,0,0,1,0,0,0,0,0,0,0,0,0,0,0,0,0,0,0,0,ARTICLE,https://doi.org/10.1186/s13014-025-02626-7,0,0,0,1,0,0,33.157295,10.547145,6.6198936,1,1
2017,"T Roque, L Risser, V Kersemans",A DCE-MRI driven 3-D reaction-diffusion model of solid tumor growth,1,0,1,0,0,0,1,1,1,0,0,0,0,0,0,0,1,1,1,0,1,1,1,1,0,0,0,0,0,0,0,0,0,0,0,0,0,0,0,0,0,0,0,0,0,0,1,1,0,ARTICLE,https://doi.org/10.1109/tmi.2017.2779811,0,0,0,1,0,0,34.471516,8.703447,5.911731,1,3
2018,"A Swan, T Hillen, JC Bowman, AD Murtha",A patient-specific anisotropic diffusion model for brain tumour spread,1,0,1,0,0,0,1,0,1,1,0,0,0,0,0,0,1,1,0,1,1,1,0,1,0,0,0,0,0,0,0,0,0,0,0,0,0,0,0,0,0,0,0,0,0,0,1,1,0,ARTICLE,https://doi.org/10.1007/s11538-017-0271-8,0,0,0,0,1,0,34.484127,8.723043,5.9506445,1,3
2018,"A Zhigun, C Surulescu, A Hunt",A strongly degenerate diffusionhaptotaxis model of tumour invasion under the goorgrow dichotomy hypothesis,1,0,1,0,1,0,1,0,0,1,0,0,0,0,0,0,1,1,0,0,1,1,0,1,0,0,0,0,0,0,0,0,0,0,0,0,0,0,0,0,0,0,0,0,0,0,0,0,0,ARTICLE,https://ui.adsabs.harvard.edu/link_gateway/2018MMAS...41.2403Z/doi:10.1002/mma.4749,0,0,0,0,1,0,33.69628,9.013935,7.028021,1,1
2018,"E Fernndez-Cara, J Lmaco",Optimal control of a two-equation model of radiotherapy,1,1,1,0,0,0,0,0,0,0,0,0,0,0,0,0,1,1,0,0,1,0,0,0,0,0,0,0,0,0,0,0,0,0,0,0,0,0,0,0,0,0,0,0,0,0,0,0,0,ARTICLE,https://doi.org/10.3934/mcrf.2018005,0,0,0,0,1,0,33.25456,8.620833,7.8738303,1,1
2018,"H Xie, Y Jiao, Q Fan, M Hai, J Yang, Z Hu, Y Yang",Modeling three-dimensional invasive solid tumor growth in heterogeneous microenvironment under chemotherapy,1,1,1,0,1,0,0,0,0,0,0,0,0,0,0,0,1,1,0,0,1,1,1,0,0,1,0,1,0,1,1,1,0,1,0,0,1,0,1,0,0,0,0,0,0,0,0,0,0,ARTICLE,https://doi.org/10.1371/journal.pone.0206292,0,0,0,0,1,0,32.99087,8.429599,7.4070168,1,4
2018,"DA Hormuth II, et al.",Mechanically Coupled Reaction-Diffusion Model to Predict Glioma Growth: Methodological Details,1,0,1,0,0,0,1,1,1,0,0,0,0,0,0,0,1,1,0,1,1,1,0,1,0,0,0,0,0,0,0,0,0,0,0,0,0,0,0,0,0,0,0,0,0,0,1,1,0,ARTICLE,https://doi.org/10.1007/978-1-4939-7493-1_11,0,0,0,0,1,0,34.422295,8.707697,5.967006,1,3
2018,"J Kroos, C Stinner, C Surulescu, N Surulescu",SDE-driven modeling of phenotypically heterogeneous tumors: The influence of cancer cell stemness,1,0,1,0,1,0,0,0,0,0,0,0,0,0,0,0,1,1,0,0,1,0,0,0,0,0,0,0,0,1,1,0,1,0,0,0,0,0,0,1,0,1,0,0,0,0,0,0,0,ARTICLE,https://doi.org/10.3934/dcdsb.2019157,0,0,0,0,1,0,33.241745,8.769549,7.313117,1,1
2018,"M Papadogiorgaki, P Koliou, ME Zervakis",Glioma growth modeling based on the effect of vital nutrients and metabolic products,1,0,1,0,0,0,1,1,0,0,0,0,1,0,0,0,1,1,0,1,1,1,0,1,1,1,1,0,1,1,1,1,0,0,0,0,1,1,1,1,0,1,0,0,0,0,0,0,0,ARTICLE,https://doi.org/10.1007/s11517-018-1809-0,0,0,0,0,1,0,33.810642,9.690523,5.9905815,1,3
2018,"S Angeli, KE Emblem, P Due-Tonnessen",Towards patient-specific modeling of brain tumor growth and formation of secondary nodes guided by DTI-MRI,1,0,1,0,0,0,1,1,1,0,0,0,0,0,0,0,1,1,0,1,1,1,0,1,1,1,1,0,0,0,0,0,0,0,0,0,1,1,1,0,0,0,0,0,1,1,1,1,0,ARTICLE,https://doi.org/10.1016/j.nicl.2018.08.032,0,0,0,0,1,0,33.702965,8.9965315,5.55253,1,3
2018,"S Stein, R Zhao, H Haeno, I Vivanco",Mathematical modeling identifies optimum lapatinib dosing schedules for the treatment of glioblastoma patients,1,1,1,0,0,0,1,1,0,1,0,1,0,0,0,1,1,1,0,1,1,0,0,0,1,1,0,0,1,0,0,0,0,0,0,0,0,0,0,1,0,1,0,0,0,0,0,0,0,ARTICLE,https://doi.org/10.1371/journal.pcbi.1005924,0,0,0,0,1,0,33.378376,9.933774,6.4147573,1,1
2019,"D Abler, RC Rockne, P Büchler",Evaluating the Effect of Tissue Anisotropy on Brain Tumour Growth Using a Mechanically Coupled Reaction–Diffusion Model,1,0,1,0,0,0,1,1,1,0,0,0,0,0,0,0,1,1,0,0,1,1,0,1,1,0,0,0,0,0,0,0,0,0,0,0,0,0,0,0,0,0,0,0,0,0,1,1,0,BOOK,https://doi.org/10.1007/978-3-030-23073-9_3,0,0,0,0,1,0,34.21499,8.781406,5.769678,1,3
2019,"D Abler, P Büchler, RC Rockne",Towards model-based characterization of biomechanical tumor growth phenotypes,1,0,1,0,0,0,1,1,0,0,0,0,0,0,0,0,1,1,0,0,1,1,0,1,0,0,0,0,0,0,0,0,0,0,0,0,0,0,0,0,0,0,0,0,0,0,1,1,0,ARTICLE,https://doi.org/10.1007/978-3-030-35210-3_6,0,0,0,0,1,0,34.2805,8.775823,6.431533,1,3
2019,"IC Sorribes, MNJ Moore, HM Byrne, HV Jain",A biomechanical model of tumor-induced intracranial pressure and edema in brain tissue,1,0,1,0,0,0,1,1,0,0,0,0,0,0,0,0,1,1,0,1,0,1,0,1,0,1,1,0,1,0,0,0,0,0,0,0,0,0,0,0,0,0,0,0,0,0,1,1,0,ARTICLE,https://doi.org/10.1016/j.bpj.2019.02.030,0,0,0,0,1,0,34.32106,9.070315,6.5714154,1,3
2019,"J Jacobs, R Rockne, A Hawkins-Daarud, P Jackson, et al.",Improved model prediction of glioma growth utilizing tissue-specific boundary effects,1,0,1,0,0,0,1,1,0,0,0,0,0,0,0,0,1,1,0,1,1,1,0,1,1,0,0,0,0,0,0,0,0,0,0,0,0,0,0,1,1,0,0,0,0,0,0,0,0,ARTICLE,https://doi.org/10.1016/j.mbs.2019.04.004,0,0,0,0,1,0,33.627403,10.601827,6.38468,1,1
2019,"JG Scott, A Dhawan, A Hjelmeland, J Lathia",Recasting the cancer stem cell hypothesis: unification using a continuum model of microenvironmental forces,1,0,1,0,0,0,0,0,0,0,0,0,0,0,0,0,1,1,0,1,1,0,0,0,0,0,0,0,0,1,1,0,0,0,0,0,0,0,0,1,0,1,1,1,0,0,0,0,0,ARTICLE,https://doi.org/10.1007/s40778-019-0153-0,0,0,0,0,1,0,33.4261,9.229466,7.414792,1,1
2019,"P Feng, Z Dai, D Wallace",On a 2d model of avascular tumor with weak allee effect,1,0,1,0,0,0,0,0,0,0,0,0,0,0,0,0,1,1,0,1,0,0,0,0,0,0,0,0,0,0,0,0,0,0,0,0,0,0,0,0,0,0,0,0,0,0,0,0,0,ARTICLE,https://doi.org/10.1155/2019/9581072,0,0,0,0,1,0,33.63494,8.851959,7.766389,1,1
2019,"PT Sowndarrajan, J Manimaran",Distributed optimal control of a tumor growth treatment model with cross-diffusion effect,1,0,1,0,0,0,0,0,0,0,0,0,0,0,0,0,1,1,0,1,0,1,1,0,0,0,0,0,0,0,0,0,0,0,0,0,0,0,0,0,0,0,0,0,1,1,0,0,0,ARTICLE,https://doi.org/10.1140/epjp/i2019-12866-8,0,0,0,0,1,0,33.520496,8.963209,7.933391,1,1
2019,"S Subramanian, A Gholami, G Biros",Simulation of glioblastoma growth using a 3D multispecies tumor model with mass effect,1,0,1,0,1,0,1,1,1,1,0,0,1,0,0,0,1,1,0,0,1,1,1,1,1,1,1,0,0,0,0,0,0,0,0,0,0,0,0,1,0,1,0,0,0,0,1,1,0,ARTICLE,https://doi.org/10.1007/s00285-019-01383-y,0,0,0,0,1,0,33.59918,8.735764,5.441942,1,3
2019,"X Feng, DA Hormuth, TE Yankeelov",An adjoint-based method for a linear mechanically-coupled tumor model: application to estimate the spatial variation of murine glioma growth based on diffusion,1,0,1,0,0,0,1,1,0,0,0,0,0,0,0,1,1,1,0,1,1,1,0,1,0,0,0,0,0,0,0,0,0,0,0,0,1,0,1,0,0,0,0,0,0,0,1,1,0,ARTICLE,https://doi.org/10.1007/s00466-018-1589-2,0,0,0,0,1,0,34.44455,8.747782,6.225656,1,3
2019,"A Elazab, AM Anter, H Bai, Q Hu, Z Hussain, D Ni",An optimized generic cerebral tumor growth modeling framework by coupling biomechanical and diffusive models with treatment effects,1,0,1,0,0,1,1,1,1,0,0,0,1,0,0,0,1,1,0,0,1,1,0,1,1,1,1,0,0,0,0,0,0,0,0,0,1,0,1,0,0,0,0,0,0,0,1,1,0,ARTICLE,https://doi.org/10.1016/j.asoc.2019.04.034,0,0,0,0,1,0,34.167736,8.884019,5.698793,1,3
2019,"I Ezhov, et al.",Neural Parameters Estimation for Brain Tumor Growth Modeling,1,0,1,0,0,1,1,1,1,0,0,0,0,0,0,0,1,1,0,1,1,1,0,0,1,0,0,0,0,0,0,0,0,0,0,0,0,0,0,0,0,0,0,0,0,0,0,0,0,ARTICLE,https://doi.org/10.1007/978-3-030-32245-8_87,0,0,0,0,1,0,34.185738,9.824555,6.504257,1,1
2019,"J Lipkova, et al.","Personalized Radiotherapy Design for Glioblastoma: Integrating Mathematical Tumor Models, Multimodal Scans, and Bayesian Inference",1,0,1,0,0,1,0,1,0,0,0,0,1,0,0,0,1,1,0,1,1,1,0,0,1,0,0,0,0,0,0,0,0,0,0,0,0,0,0,0,0,0,0,0,0,0,0,0,0,ARTICLE,https://doi.org/10.1109/TMI.2019.2902044,0,0,0,0,1,0,34.23263,9.786961,6.483883,1,1
2020,"A Mang, S Bakas, S Subramanian",Integrated biophysical modeling and image analysis: application to neuro-oncology,1,0,1,0,0,0,1,1,0,1,0,0,1,0,0,0,1,1,0,1,1,1,0,1,1,1,0,0,1,0,0,0,0,0,0,0,0,0,0,1,0,1,0,0,0,0,1,1,0,ARTICLE,https://doi.org/10.1146/annurev-bioeng-062117-121105,0,0,0,0,1,0,33.792282,9.966793,6.125643,1,1
2020,"C Meaney, S Rhebergen",In silico analysis of hypoxia activated prodrugs in combination with anti angiogenic therapy through nanocell delivery,1,0,1,0,0,0,1,0,0,0,0,0,1,0,0,0,1,1,0,1,1,1,1,0,0,1,1,1,0,0,0,0,0,0,0,0,0,0,0,0,0,0,0,0,0,0,0,0,0,ARTICLE,https://doi.org/10.1371/journal.pcbi.1007926,0,0,0,0,1,0,33.3312,8.823399,7.6299357,1,1
2020,"J Prez-Beteta, J Belmonte-Beitia",Tumor width on T1-weighted MRI images of glioblastoma as a prognostic biomarker: a mathematical model,1,1,1,0,0,0,1,1,0,0,0,0,0,0,0,0,1,1,0,0,1,1,0,1,0,1,0,1,0,0,0,0,0,0,0,0,0,0,0,0,0,0,0,0,0,0,0,0,0,ARTICLE,https://doi.org/10.1051/mmnp/2019022,0,0,0,0,1,0,33.883167,9.008194,6.9819913,1,1
2020,"K Scheufele, S Subramanian, A Mang",Image-driven biophysical tumor growth model calibration,1,0,1,0,1,1,1,1,0,0,0,0,0,0,0,0,1,1,0,0,1,1,1,0,1,1,1,0,0,0,0,0,0,0,0,0,0,0,0,0,0,0,0,0,0,0,1,1,0,ARTICLE,https://doi.org/10.1137/19m1275280,0,0,0,0,1,0,34.240505,9.218584,6.227806,1,3
2020,"K Scheufele, S Subramanian, G Biros",Automatic MRI-driven model calibration for advanced brain tumor progression analysis,1,0,1,0,0,1,1,1,0,0,0,0,0,0,0,0,1,1,0,0,1,1,0,0,1,0,0,0,0,0,0,0,0,0,0,0,0,0,0,0,0,0,0,0,0,0,0,0,0,ARTICLE,https://arxiv.org/abs/2001.09173,0,0,0,0,1,0,34.247116,9.578785,6.496743,1,1
2020,"M Conte, L Gerardo-Giorda, M Groppi",Glioma invasion and its interplay with nervous tissue and therapy: A multiscale model,1,1,1,0,1,0,1,1,1,0,0,1,0,0,0,0,1,1,0,1,1,1,0,1,1,1,0,1,0,0,0,0,0,0,0,0,0,0,0,0,0,0,0,0,1,1,1,1,0,ARTICLE,https://doi.org/10.1016/j.jtbi.2019.110088,0,0,0,0,1,0,34.0279,8.734278,5.5524783,1,3
2020,"M Dehghan, N Narimani",Radial basis function-generated finite difference scheme for simulating the brain cancer growth model under radiotherapy in various types of computational domains,1,0,1,0,1,0,1,1,1,0,0,0,0,0,0,0,1,1,0,0,1,1,0,1,1,1,1,0,0,0,0,0,0,0,0,0,0,0,0,0,0,0,0,0,0,0,1,1,0,ARTICLE,https://doi.org/10.1016/j.cmpb.2020.105641,0,0,0,0,1,0,34.063786,8.658298,5.6544156,1,3
2020,"M Ebenbeck, P Knopf",Optimal control theory and advanced optimality conditions for a diffuse interface model of tumor growth,1,0,1,0,0,1,0,0,0,0,0,0,0,0,0,0,1,1,0,0,1,1,1,0,0,1,0,1,0,0,0,0,0,0,0,0,0,0,0,0,0,0,0,0,0,0,0,0,0,ARTICLE,https://arxiv.org/abs/1903.00333,0,0,0,0,1,0,33.350895,8.582463,7.616546,1,1
2020,"M Hajishamsaei, A Pishevar, O Bavi",A novel in silico platform for a fully automatic personalized brain tumor growth,1,0,1,0,0,0,1,1,0,0,0,0,1,0,0,0,1,1,0,0,1,1,0,1,1,1,1,0,0,0,0,0,0,0,0,0,0,0,0,0,0,0,0,0,1,1,0,0,0,ARTICLE,https://doi.org/10.1016/j.mri.2019.12.012,0,0,0,0,1,0,33.85015,9.318361,6.105435,1,3
2020,"M Kuznetsov, A Kolobov",Investigation of solid tumor progression with account of proliferation/migration dichotomy via Darwinian mathematical model,1,0,1,0,0,0,0,0,0,0,0,0,0,0,0,0,1,1,0,1,1,1,0,0,1,0,0,0,0,1,0,1,0,0,1,1,1,1,1,0,0,0,0,0,0,0,0,0,0,ARTICLE,https://doi.org/10.1007/s00285-019-01434-4,0,0,0,0,1,0,33.28889,9.451973,7.278372,1,1
2020,"N Meghdadi, M Soltani, H Niroomand-Oscuii",Personalized image-based tumor growth prediction in a convectiondiffusionreaction model,1,0,1,0,1,0,1,1,0,0,0,0,1,0,0,0,1,1,0,0,1,1,0,1,0,1,0,1,0,0,0,0,0,0,0,0,1,1,1,0,0,0,0,0,0,0,1,1,0,ARTICLE,https://doi.org/10.1007/s13760-018-0973-1,0,0,0,0,1,0,34.31217,8.680868,6.4226427,1,3
2020,"N Swinburne, E LoCastro, R Paudyal, JH Oh",Computational modeling of interstitial fluid pressure and velocity in non-small cell lung cancer brain metastases treated with stereotactic radiosurgery,1,0,1,0,0,0,1,0,0,1,0,0,0,0,0,0,1,0,0,0,0,0,0,0,0,1,1,1,0,0,0,0,0,0,0,0,0,0,0,1,0,1,0,0,0,0,0,0,0,ARTICLE,https://doi.org/10.3389/fneur.2020.00402,0,0,0,0,1,0,33.22533,8.18231,7.0926514,1,4
2020,"SA Carvalho, ML Martins",Biochemical warfare between living organisms for survival: Mathematical modeling,1,0,1,0,0,0,1,0,0,0,0,1,0,0,0,0,1,0,0,0,0,1,0,1,0,0,0,0,0,0,0,0,0,0,0,0,0,0,0,1,0,1,0,0,1,1,0,0,0,ARTICLE,https://doi.org/10.1007/978-3-319-76887-8_52-1,0,0,0,0,1,0,33.721024,9.220899,7.3401804,1,1
2020,"T Koch, M Schneider, R Helmig, P Jenny",Modeling tissue perfusion in terms of 1d-3d embedded mixed-dimension coupled problems with distributed sources,1,0,1,0,1,0,1,1,0,0,0,0,0,0,0,0,1,0,0,0,0,0,0,0,0,1,0,1,0,0,0,0,0,0,0,0,1,0,1,0,0,0,0,0,0,0,0,0,0,ARTICLE,https://doi.org/10.1016/j.jcp.2020.109370,0,0,0,0,1,0,33.402943,8.1409235,7.4675403,1,1
2020,V Kalinin,Cell extracellular matrix interaction in glioma growth. In silico model,1,0,1,0,0,0,1,0,0,0,0,1,0,1,0,0,1,1,0,1,1,1,0,1,1,1,1,0,0,0,0,0,0,0,0,0,0,0,0,0,0,0,0,0,0,0,1,0,1,ARTICLE,https://doi.org/10.1515/jib-2020-0027,0,0,0,0,1,0,33.140305,10.010136,6.769274,1,1
2020,"Y Li, P Heijster, R Marangell, MJ Simpson",Travelling wave solutions in a negative nonlinear diffusion reaction model,1,0,1,0,0,0,0,0,0,0,0,0,0,0,0,0,1,1,0,1,1,1,1,0,0,0,0,0,0,0,0,0,0,0,0,0,0,0,0,0,0,0,0,0,0,0,0,0,0,ARTICLE,https://doi.org/10.1007/s00285-020-01547-1,0,0,0,0,1,0,33.433407,8.890847,7.7401557,1,1
2020,"I Ezhov, T Mot, S Shit, J Lipkova",Real-time bayesian personalization via a learnable brain tumor growth model,1,0,1,0,0,1,1,0,0,0,0,0,1,0,0,0,1,1,0,0,1,1,0,1,1,0,0,0,0,0,0,0,0,0,0,0,0,0,0,0,0,0,0,0,0,0,0,0,0,ARTICLE,https://arxiv.org/pdf/2009.04240.pdf,0,0,0,0,1,0,33.984203,9.421029,6.47512,1,3
2021,"A Collin, C Copol, V Pianet, T Colin",Spatiotemporal dynamics of a glioma immune interaction model,1,0,1,0,0,0,1,1,1,0,0,0,0,0,0,0,1,1,0,1,1,1,1,1,1,1,1,0,1,1,0,0,1,0,0,0,1,0,1,0,0,0,0,0,1,1,0,0,0,ARTICLE,https://doi.org/10.1038/s41598-021-00985-1,0,0,0,0,1,0,33.492943,9.02497,5.5862584,1,3
2021,"A Lasri, M Sturrock",Theoretical and numerical analysis for a hybrid tumor model with diffusion depending on vasculature,1,1,1,0,0,0,1,0,0,1,0,0,0,0,0,0,1,1,0,0,1,1,1,0,0,1,0,1,0,0,0,0,0,0,0,0,0,0,0,0,0,0,0,0,0,0,0,0,0,ARTICLE,https://doi.org/10.1016/j.jmaa.2021.125325,0,0,0,0,1,0,33.353622,8.679117,7.7422934,1,1
2021,"F Acerbi, A Agosti, J Falco, S Marchesi, IG Vetrano, et al.",Mechano-biological features in a patient-specific computational model of glioblastoma,1,0,1,0,0,0,1,1,1,1,0,1,1,0,0,0,1,1,0,1,1,1,0,1,1,1,1,0,1,1,0,0,1,0,0,0,1,1,0,1,0,1,0,0,0,0,0,0,0,ARTICLE,https://doi.org/10.1007/978-1-0716-0856-2_12,0,0,0,0,1,0,33.3343,9.257186,5.510226,1,3
2021,"B Tunc, DA Hormuth II, G Biros, TE Yankeelov",Modeling of glioma growth with mass effect by longitudinal magnetic resonance imaging,1,0,1,0,0,0,1,1,0,0,0,0,1,0,0,0,1,1,0,1,1,1,0,1,0,1,1,0,0,0,0,0,0,0,0,0,1,0,1,0,0,0,0,0,0,0,1,1,0,ARTICLE,https://doi.org/10.1109/tbme.2021.3085523,0,0,0,0,1,0,34.316963,8.88941,6.2683835,1,3
2021,"J Kremheller, S Brandstaeter",Validation and parameter optimization of a hybrid embedded/homogenized solid tumor perfusion model,1,0,1,0,1,0,1,1,0,0,0,0,0,0,0,0,1,0,0,0,0,0,0,0,0,1,1,1,0,0,0,0,0,0,0,0,0,0,0,0,0,0,0,0,0,0,0,0,0,ARTICLE,https://doi.org/10.1002/cnm.3508,0,0,0,0,1,0,33.3013,8.130745,7.4386444,1,4
2021,J Malinzi,A mathematical model for oncolytic virus spread using the telegraph equation,1,0,1,0,0,0,0,0,0,0,0,0,0,0,0,0,1,1,0,1,1,1,0,1,0,0,0,0,0,0,0,0,0,0,0,0,0,0,0,1,0,1,0,0,1,1,0,0,0,ARTICLE,https://doi.org/10.1016/j.cnsns.2021.105944,0,0,0,0,1,0,33.559475,9.439427,7.271757,1,1
2021,"L Cherfils, S Gatti, A Miranville",Analysis of a model for tumor growth and lactate exchanges in a glioma.,1,0,1,0,0,0,0,0,0,0,0,0,0,0,0,0,1,1,0,0,1,0,0,0,0,0,0,0,0,0,0,0,0,0,0,0,1,0,1,0,0,0,0,0,0,0,0,0,0,ARTICLE,https://doi.org/10.3934/dcdss.2020457,0,0,0,0,1,0,33.417393,8.519139,7.586935,1,1
2021,"LM da Silva, GB Alvarez, E da Silva Christo",Towards an image-informed mathematical model of in vivo response to fractionated radiation therapy,1,0,1,0,0,0,1,1,0,0,0,0,0,0,0,0,1,1,1,1,1,1,0,1,0,1,1,1,0,1,0,0,1,0,0,0,0,0,0,0,0,0,0,0,1,1,1,1,0,ARTICLE,https://doi.org/10.3390/cancers13081765,0,0,0,0,1,0,33.67522,9.058203,5.9533496,1,3
2021,"M Amereh, R Edwards, M Akbari, B Nadler",In-Silico Modeling of Tumor Spheroid Formation and Growth,1,0,1,0,0,0,1,0,0,0,0,1,1,0,0,1,1,1,0,1,1,1,0,1,1,1,1,0,0,1,0,0,1,0,0,0,1,0,1,1,0,1,0,0,1,1,0,0,0,ARTICLE,https://doi.org/10.3390/mi12070749,0,0,0,0,1,0,33.18178,9.335197,5.866129,1,3
2021,"M Scott, K ychaluk, RN Bearon",A mathematical framework for modelling 3D cell motility: applications to glioblastoma cell migration,1,0,1,1,0,0,1,1,1,0,0,1,1,0,0,0,1,1,0,0,1,1,1,1,1,1,1,0,0,0,0,0,0,0,0,0,0,0,0,0,0,0,0,0,0,0,0,0,0,ARTICLE,https://doi.org/10.1093/imammb/dqab009,0,0,0,0,1,0,33.815548,8.874267,5.5187745,1,3
2021,"M Yousefnezhad, CY Kao, SA Mohammadi",Partial differential model of lactate neuro-energetics: analytic results and numerical simulations,1,0,1,0,0,0,0,0,0,0,0,0,0,0,0,0,1,0,0,0,0,0,0,0,0,0,0,0,0,0,0,0,0,0,0,0,1,1,1,0,0,0,0,0,0,0,0,0,0,ARTICLE,https://doi.org/10.1093/imammb/dqaa016,0,0,0,0,1,0,33.466457,8.298526,7.820931,1,1
2021,"MU Saeed, G Ali, W Bin, SH Almotiri, MA AlGhamdi",Spatial mechanistic modeling for prediction of the growth of asymptomatic meningiomas,1,0,1,0,0,0,1,1,0,0,0,0,0,0,0,0,1,1,0,1,0,1,0,1,0,1,1,0,0,0,0,0,0,0,0,0,0,0,0,0,0,0,0,0,0,0,0,0,0,ARTICLE,https://doi.org/10.1016/j.cmpb.2020.105829,0,0,0,0,1,0,34.27176,9.2397375,6.6566916,1,3
2021,S Korkut,Optimal chemotherapy for brain tumor growth in a reaction-diffusion model,1,0,1,0,0,0,1,1,0,0,0,0,0,0,0,0,1,1,0,1,1,1,0,1,0,0,0,0,0,0,0,0,0,0,0,0,0,0,0,1,0,1,0,0,0,0,0,0,0,ARTICLE,https://doi.org/10.1137/20M135995X,0,0,0,0,1,0,33.861343,9.771035,6.946806,1,1
2021,"S Suveges, K Hossain-Ibrahim, JD Steele, R Eftimie",Mathematical modelling of glioblastomas invasion within the brain: a 3D multi-scale moving-boundary approach,1,0,1,0,0,0,1,1,1,0,0,0,1,0,0,0,1,1,0,0,1,1,1,1,1,1,1,0,0,0,0,0,0,0,0,0,1,1,0,0,0,0,0,0,1,1,1,1,0,ARTICLE,https://doi.org/10.3390/math9182214,0,0,0,0,1,0,33.85136,8.868244,5.571306,1,3
2021,"T Sun, Y He, W Li, G Liu, L Li",New alternative numerical approaches for solving the glioma model and their efficiencies,1,0,1,0,0,0,0,0,0,0,0,0,0,0,0,0,1,1,0,1,1,1,0,1,1,0,0,0,0,0,0,0,0,0,0,0,0,0,0,0,0,0,0,0,0,0,0,0,0,ARTICLE,https://doi.org/10.1007/s40096-021-00399-0,0,0,0,0,1,0,33.1643,10.118813,6.744274,1,1
2021,"VA Selivanov, OA Zagubnaya, YR Nartsissov",Unveiling a key role of oxaloacetate-glutamate interaction in regulation of respiration and ROS generation in nonsynaptic brain mitochondria using a kinetic model,1,1,1,0,0,0,1,0,0,0,0,1,0,0,0,0,1,0,0,0,0,1,0,0,1,1,0,0,1,0,0,0,0,0,0,0,1,1,1,0,0,0,0,0,0,0,0,0,0,ARTICLE,https://doi.org/10.1371/journal.pone.0255164,0,0,0,0,1,0,33.186325,8.216836,7.9935145,1,1
2021,"H Awan, S Balasubramaniam",A voxel model to decipher the role of molecular communication in the growth of glioblastoma multiforme,1,1,0,0,0,1,1,1,0,0,0,0,0,0,0,0,1,1,0,1,1,1,0,1,1,1,1,1,1,1,0,0,1,0,0,0,1,0,1,0,0,0,0,0,1,1,1,1,0,ARTICLE,https://doi.org/10.1109/tnb.2021.3071922,0,0,0,0,1,0,33.551735,8.982677,5.772044,1,3
2022,"A Fernndez-Romero, F Guilln-Gonzlez",A Glioblastoma PDE-ODE model including chemotaxis and vasculature,1,1,1,0,0,0,1,1,0,0,0,0,0,0,0,0,1,1,0,0,1,1,1,0,0,1,0,1,0,0,0,0,0,0,0,0,0,0,0,0,0,0,0,0,0,0,0,0,0,ARTICLE,https://doi.org/10.48550/arXiv.2109.14322,0,0,0,0,0,1,33.416695,8.639208,7.737833,1,1
2022,"C Harkos, SF Svensson, KE Emblem, T Stylianopoulos","Inducing biomechanical heterogeneity in brain tumor modeling by MR elastography: effects on tumor growth, vascular density and delivery of therapeutics",1,0,1,0,0,0,1,1,1,0,0,0,0,0,0,0,1,1,0,1,1,1,0,1,1,1,1,1,0,1,0,0,1,0,0,0,1,0,1,1,0,1,0,0,0,0,1,1,0,ARTICLE,https://doi.org/10.3390/cancers14040884,0,0,0,0,0,1,33.408226,8.981578,5.501187,1,3
2022,"FM Kashkooli, MA Abazari, M Soltani, MA Ghazani",A spatiotemporal multi-scale computational model for FDG PET imaging at different stages of tumor growth and angiogenesis,1,0,1,0,0,0,1,1,0,0,0,0,1,0,0,0,1,0,0,0,0,1,1,1,1,1,1,1,0,0,0,0,0,0,0,0,1,0,1,1,0,1,0,0,0,0,1,1,0,ARTICLE,https://doi.org/10.1038/s41598-022-13345-4,0,0,0,0,0,1,33.297,8.835046,5.5575824,1,3
2022,"G Lucci, A Agosti, P Ciarletta, C Giverso",Coupling solid and fluid stresses with brain tumour growth and white matter tract deformations in a neuroimaging-informed model,1,0,1,0,0,0,1,1,1,0,0,0,0,0,0,0,1,1,0,1,1,1,0,1,0,0,0,0,0,0,0,0,0,0,0,0,0,0,0,0,0,0,0,0,0,0,1,1,0,ARTICLE,https://doi.org/10.1007/s10237-022-01602-4,0,0,0,0,0,1,34.49894,8.759947,6.029379,1,3
2022,"JJ Bosque, GF Calvo, MC Navarro",Modelling the effect of vascular status on tumour evolution and outcome after thermal therapy,1,0,1,0,0,0,1,0,0,0,0,0,0,1,0,0,1,0,0,0,0,0,0,0,0,1,0,1,0,0,0,0,0,0,0,0,1,0,1,0,0,0,0,0,0,0,0,0,0,ARTICLE,https://doi.org/10.1016/j.apm.2022.05.029,0,0,0,0,0,1,33.494125,8.267807,7.745804,1,1
2022,"ME Rhodes, T Hillen, V Putkaradze",Comparing the effects of linear and one-term Ogden elasticity in a model of glioblastoma invasion.,1,0,1,0,0,0,1,0,1,0,0,0,0,0,0,0,1,0,0,0,0,1,0,1,1,1,1,0,0,0,0,0,0,0,0,0,0,0,0,0,0,0,0,0,1,1,1,1,0,ARTICLE,https://doi.org/10.1016/j.brain.2022.100050,0,0,0,0,0,1,33.834343,8.758489,5.692795,1,3
2022,"S Hervas-Raluy, B Wirthl, PE Guerrero, GR Rei",Tumour growth: Bayesian parameter calibration of a multiphase porous media model based on in vitro observations of Neuroblastoma spheroid growth in a hydrogel,1,0,1,0,0,0,1,0,0,1,0,0,0,0,0,1,1,1,0,0,1,1,0,0,1,1,1,1,0,0,0,0,0,0,0,0,1,0,1,1,0,1,0,0,0,0,1,1,1,ARTICLE,https://doi.org/10.1101/2022.09.26.509452,0,0,0,0,0,1,33.093937,8.28005,6.785618,1,4
2022,"T Bortfeld, G Buti",Modeling the propagation of tumor fronts with shortest path and diffusion modelsimplications for the definition of the clinical target volume,1,0,1,0,0,0,1,1,0,0,0,0,0,0,0,0,1,1,0,0,1,1,0,1,0,0,0,0,0,0,0,0,0,0,0,0,0,0,0,0,0,0,0,0,0,0,0,0,0,ARTICLE,https://doi.org/10.1088/1361-6560/ac8043,0,0,0,0,0,1,33.9913,9.113774,6.8220797,1,1
2022,"T Lorenzi, B Perthame, X Ruan",Invasion fronts and adaptive dynamics in a model for the growth of cell populations with heterogeneous mobility,1,0,1,0,0,0,0,0,0,0,0,0,0,0,0,0,1,1,0,0,1,1,0,1,0,0,0,0,0,0,0,0,0,0,0,0,0,0,0,0,0,0,0,0,0,0,0,0,0,ARTICLE,https://doi.org/10.48550/arXiv.2007.13084,0,0,0,0,0,1,33.848717,9.046316,7.1193614,1,1
2022,"Y Zhang, PX Liu, W Hou",Modeling of glioma growth using modified reaction-diffusion equation on brain MR images,1,0,1,0,0,0,1,1,0,1,0,0,0,0,0,0,1,1,0,1,1,1,0,1,1,1,0,1,0,0,0,0,0,0,0,0,0,0,0,0,0,0,0,0,0,0,1,1,0,ARTICLE,https://doi.org/10.1016/j.cmpb.2022.107233,0,0,0,0,0,1,33.69484,10.21439,6.196945,1,1
2022,"C Martens, A Rovai, D Bonatto, T Metens, O Debeir",Deep Learning for Reaction-Diffusion Glioma Growth Modeling: Towards a Fully Personalized Model?,1,0,1,0,0,1,1,1,1,1,0,0,1,0,0,0,1,1,0,0,1,1,0,1,1,1,1,0,1,0,0,0,0,0,0,0,0,0,0,0,0,0,0,0,0,0,1,1,0,ARTICLE,https://doi.org/10.3390/cancers14102530,0,0,0,0,0,1,34.114204,9.022979,5.649406,1,3
2022,"I Ezhov, et al.",Geometry-aware neural solver for fast Bayesian calibration of brain tumor models,1,0,1,0,0,1,1,1,0,0,0,0,1,0,0,0,1,1,0,0,1,1,0,1,0,0,0,0,0,0,0,0,0,0,0,0,0,0,0,0,0,0,0,0,0,0,0,0,0,ARTICLE,https://doi.org/10.1109/TMI.2021.3136582,0,0,0,0,0,1,34.223083,9.316757,6.468669,1,3
2022,"K Mulford, M McMahon, AM Gardeck, MA Hunt",Predicting Glioblastoma Cellular Motility from In Vivo MRI with a Radiomics Based Regression Model,1,0,0,0,0,1,1,1,0,0,0,0,1,0,0,0,1,1,0,1,1,1,0,1,1,0,0,0,0,0,0,0,0,0,0,0,0,0,0,1,0,1,0,0,1,1,0,0,0,ARTICLE,https://doi.org/10.3390/cancers14030578,0,0,0,0,0,1,34.130623,10.203968,6.439621,1,1
2022,"RK Jain, A Gupta, WH Ali, PFJ Lermusiaux",GlioMod: Spatiotemporal-Aware Glioblastoma Multiforme Tumor Growth Modeling with Deep Encoder-Decoder Networks,1,0,1,0,0,1,1,1,0,0,0,0,1,0,0,0,1,1,0,1,1,0,0,0,0,0,0,0,0,0,0,0,0,0,0,0,0,0,0,0,0,0,0,0,0,0,1,1,0,ARTICLE,https://doi.org/10.1101/2022.11.06.22282010,0,0,0,0,0,1,34.47426,9.425487,6.4186172,1,3
2023,"A Tursynkozha, A Kashkynbayev, B Shupeyeva",Traveling wave speed and profile of a go or grow glioblastoma multiforme model,1,0,1,0,0,0,1,1,0,0,0,0,0,0,0,1,1,1,0,1,1,1,0,1,1,1,1,1,0,0,0,0,0,0,0,0,0,0,0,0,0,0,0,0,0,0,0,0,0,ARTICLE,https://doi.org/10.1016/j.cnsns.2022.107008,0,0,0,0,0,1,33.49807,10.363478,6.3499494,1,1
2023,"B Liang, L Lozenski, U Villa, D Faghihi",PDE-constrained Optimization Formulation for Tumor Growth Model Calibration,1,0,1,0,0,0,0,0,0,0,0,0,0,0,0,0,1,1,0,0,1,1,0,0,1,0,0,0,0,0,0,0,0,0,0,0,0,0,0,0,0,0,0,0,0,0,0,0,0,ARTICLE,https://doi.org/10.48550/arXiv.2302.06445,0,0,0,0,0,1,33.457977,9.317219,6.921822,1,1
2023,"G Baravdish, BT Johansson, O Svensson",Identifying a response parameter in a model of brain tumour evolution under therapy,1,0,1,0,0,0,0,0,0,0,0,0,0,0,0,0,1,1,0,0,1,1,0,1,0,0,0,0,0,0,0,0,0,0,0,0,0,0,0,0,0,0,0,0,0,0,0,0,0,ARTICLE,https://doi.org/10.1093/imamat/hxad013,0,0,0,0,0,1,33.779747,9.015224,7.0189786,1,1
2023,"I Ezhov, K Scibilia, K Franitza, F Steinbauer, S Shit",Learn-Morph-Infer: a new way of solving the inverse problem for brain tumor modeling,1,0,1,0,0,1,1,1,0,0,0,0,0,0,0,0,1,1,0,0,1,1,0,1,0,1,1,0,0,0,0,0,0,0,0,0,0,0,0,0,0,0,0,0,0,0,1,1,0,ARTICLE,https://doi.org/10.1016/j.media.2022.102672,0,0,0,0,0,1,34.28139,8.830579,6.2661996,1,3
2023,"JL Lpez-Agredo, DA Rueda-Gomez",Numerical analysis of a mathematical model describing the evolution of hypoxic glioma cells,1,0,1,0,0,0,1,1,0,0,0,0,0,0,0,0,1,1,0,1,1,1,0,1,1,1,0,1,0,0,0,0,0,0,0,0,0,0,0,0,0,0,0,0,0,0,0,0,0,ARTICLE,https://doi.org/10.1016/j.camwa.2022.12.010,0,0,0,0,0,1,33.552948,10.503174,6.412361,1,1
2023,"KJ Painter, T Hillen, JR Potts",Biological modelling with nonlocal advection diffusion equations,1,0,1,0,0,0,0,0,0,0,0,0,0,0,0,0,1,0,0,0,0,1,0,1,0,0,0,0,0,0,0,0,0,0,0,0,0,0,0,0,0,0,0,0,0,0,0,0,0,ARTICLE,https://doi.org/10.48550/arXiv.2307.14396,0,0,0,0,0,1,33.972866,8.999653,7.265954,1,1
2023,"S Ghazanfar, N Ahmed, SM Ali, MS Iqbal, A Akgl",Exact and solitary wave structure of the tumor cell proliferation with LQ model of three dimensional PDE by newly extended direct algebraic method,1,0,1,0,0,0,1,1,0,0,0,0,0,0,0,0,1,1,0,0,1,0,0,0,0,0,0,0,0,1,1,0,0,0,0,0,0,0,0,0,0,0,0,0,1,1,0,0,0,ARTICLE,https://doi.org/10.1063/5.0153529,0,0,0,0,0,1,33.973557,9.221833,6.8589845,1,1
2023,"S Urcun, D Baroli, PY Rohan, W Skalli, V Lubrano",Non-operable glioblastoma: proposition of patient-specific forecasting by image-informed poromechanical model,1,0,1,0,1,0,1,1,0,0,0,0,1,0,0,0,1,1,0,1,1,1,0,1,1,1,1,1,0,1,0,0,1,0,0,0,1,0,1,0,0,0,0,0,1,1,0,0,0,ARTICLE,https://doi.org/10.1016/j.brain.2023.100067,0,0,0,0,0,1,33.445446,9.215472,5.8736463,1,3
2023,"Q Chen, Q Ye, W Zhang, H Li, X Zheng",TGM-Nets: A deep learning framework for enhanced forecasting of tumor growth by integrating imaging and modeling,1,0,0,0,0,1,0,0,0,0,0,0,0,0,0,0,1,1,0,1,1,1,0,1,0,1,1,0,0,0,0,0,0,0,0,0,1,0,1,0,0,0,0,0,0,0,1,1,0,ARTICLE,https://doi.org/10.1016/j.engappai.2023.106867,0,0,0,0,0,1,34.24895,8.791442,6.280821,1,3
2023,"F Galarce, KTabelow, J Polzehl, CP Papanikas, et al",Displacement and Pressure Reconstruction from Magnetic Resonance Elastography Images: Application to an In Silico Brain Model,1,0,1,0,1,0,1,1,0,0,0,0,0,0,0,0,0,0,0,0,0,0,0,0,0,0,0,0,0,0,0,0,0,0,0,0,0,0,0,0,0,0,0,0,0,0,1,1,1,ARTICLE,https://doi.org/10.48550/arXiv.2204.12445,0,0,0,0,0,1,33.8837,8.434519,7.4223604,1,1
2024,"MR Ghahramani, O Bavi",Heterogeneous biomechanical/mathematical modeling of spatial prediction of glioblastoma progression using magnetic resonance imaging-based finite element method,1,0,1,0,0,0,1,1,0,0,0,0,0,0,0,0,1,0,0,1,1,1,1,0,0,0,0,0,0,0,0,0,0,0,0,0,0,0,0,1,0,1,0,0,0,0,1,1,1,ARTICLE,https://doi.org/10.1016/j.cmpb.2024.108441,0,0,0,0,0,1,34.034172,9.660588,6.95806,1,1
2024,"MR Ghahramani, O Bavi",Heterogeneous biomechanical/mathematical modeling of spatial prediction of glioblastoma progression using magnetic resonance imaging-based finite element method,1,0,1,0,0,0,1,1,0,0,0,0,0,0,0,0,1,1,0,1,1,1,1,1,1,0,0,0,0,0,0,0,0,0,0,0,0,0,0,1,1,1,0,0,0,0,1,1,1,ARTICLE,https://doi.org/10.1016/j.cmpb.2024.108441,0,0,0,0,0,1,33.458736,10.241666,6.2204947,1,1
2025,"EJ Kostelich, Y Xu, et al.",Mathematical modeling for glioblastoma treatment: scenario generation and validation for clinical patient counseling,1,0,1,0,0,0,1,1,0,0,0,0,0,0,0,0,1,1,0,1,1,1,0,1,1,0,0,0,0,0,0,0,0,0,0,0,0,0,0,1,0,1,0,0,0,0,0,0,0,ARTICLE,https://doi.org/10.3389/fonc.2025.1647144,0,0,0,0,0,1,33.687305,10.323476,6.5088134,1,1
2025,"OP Barabash, IP Polovinkin",A discrete model of glioma growth and spread,1,0,1,0,0,0,0,0,0,0,0,0,0,0,0,0,1,1,0,0,1,1,0,1,1,0,0,0,0,0,0,0,0,0,0,0,0,0,0,0,0,0,0,0,0,0,0,0,0,ARTICLE,https://doi.org/10.1007/s10598-025-09643-x,0,0,0,0,0,1,33.45282,9.399982,6.644183,1,3
2025,"C López-Mateu, M Gómez-Mahiques, et al.",Biomechanical Mapping of Tumor Growth: A Novel Method to Quantify Glioma Infiltration and Mass Effect,1,0,1,0,0,0,1,1,0,0,0,0,0,0,0,0,1,0,0,1,0,1,0,1,0,0,0,0,0,0,0,0,0,0,0,0,0,0,0,1,0,1,0,0,0,0,1,1,1,ARTICLE,https://doi.org/10.48550/arXiv.2505.17715,0,0,0,0,0,1,34.158474,9.600046,6.934691,1,1
2025,"M Soleimani, HF Hounchonou, et al.",A diffusion-driven phase-field model for simulation of glioma growth,1,1,1,0,0,0,1,1,0,0,0,0,0,0,0,0,1,0,0,1,0,1,0,1,0,0,0,0,0,0,0,0,0,0,0,0,0,0,0,0,0,0,0,0,0,0,1,1,0,ARTICLE,https://doi.org/10.1080/10255842.2025.2544792,0,0,0,0,0,1,34.45734,8.924949,6.578362,1,3
2025,"D Cerrone, D Riccobelli, et al.",Patient-specific prediction of glioblastoma growth via reduced order modeling and neural networks,1,0,1,0,1,1,1,1,0,0,0,0,0,0,0,0,0,0,0,1,1,1,0,1,1,0,0,0,0,0,0,0,0,0,0,0,0,0,0,1,0,1,0,0,0,0,1,0,1,ARTICLE,https://doi.org/10.1016/j.mbs.2025.109468,0,0,0,0,0,1,33.59222,10.462615,6.492018,1,1
2025,"RZ Zhang, I Ezhov, et al.","Personalized predictions of Glioblastoma infiltration: Mathematical models, Physics-Informed Neural Networks and multimodal scans",1,0,1,0,1,1,1,1,0,0,0,0,1,0,0,0,1,1,0,0,1,1,0,0,1,0,0,0,0,0,0,0,0,0,0,0,0,0,0,0,0,0,0,0,0,0,0,0,0,ARTICLE,https://doi.org/10.1016/j.media.2024.103423,0,0,0,0,0,1,34.22784,9.615914,6.450334,1,1
2025,"F Ballatore, X Ruan, et al.",A phenotype-structured reaction-diffusion model of avascular glioma growth,1,0,1,0,0,0,1,1,1,0,0,0,0,0,0,0,1,1,0,0,1,1,0,0,1,0,0,0,0,0,0,0,0,0,0,0,1,1,1,1,1,1,1,1,0,0,0,0,0,ARTICLE,https://arxiv.org/abs/2509.22519,0,0,0,0,0,1,33.84235,9.628967,6.6759295,1,1
